stage,trial,epoch,d_token,n_blocks,n_heads,ffn_hidden,dropout,snn_T,snn_tau,snn_v_threshold,snn_v_reset,snn_head_dropout,snn_alpha_init,lr,batch,val_auc,val_prauc,val_recall_at_fpr,val_fpr,val_threshold
stage_a_ft,0,6,32,2,4,64,0.38796394086479774,8,2.0,0.2,0.0,0.1,2.0,0.0020396887264773375,8192,0.9374961552727221,0.49073063477929335,0.7118138424821002,0.049956663777585175,0.017779341
stage_a_ft,1,7,64,2,8,128,0.236965827544817,8,2.0,0.2,0.0,0.1,2.0,0.0003338655952471722,8192,0.9292873542404816,0.48147001250993193,0.6968973747016707,0.04990332688845923,0.023770079
stage_a_ft,2,8,16,5,4,192,0.2650089137415928,8,2.0,0.2,0.0,0.1,2.0,0.000614939415628505,8192,0.9282189715591223,0.4735930575148901,0.6909307875894988,0.04989665977731849,0.03009772
stage_a_ft,3,8,32,6,8,192,0.3314950036607718,8,2.0,0.2,0.0,0.1,2.0,0.0006821416720689545,8192,0.9324146689333785,0.4874688983008004,0.7022673031026253,0.04998999933328888,0.020337688
stage_a_ft,4,7,32,2,4,128,0.04634762381005189,8,2.0,0.2,0.0,0.1,2.0,0.0021888937469133466,1024,0.9379610908030304,0.5013474725944826,0.714200477326969,0.049623308220548036,0.017736083
stage_a_ft,5,4,64,4,8,192,0.20909313175279765,8,2.0,0.2,0.0,0.1,2.0,0.0008029015070298228,8192,0.9335411521468178,0.4824698156745961,0.7022673031026253,0.04980332022134809,0.031207694
stage_a_ft,6,3,48,4,4,256,0.3232481518257668,8,2.0,0.2,0.0,0.1,2.0,0.0012898078364194318,8192,0.9307935584727128,0.4810386646674163,0.6963007159904535,0.049883325555037,0.011081855
stage_a_ft,7,6,48,2,8,128,0.16696440125951162,8,2.0,0.2,0.0,0.1,2.0,0.0005002983438043643,4096,0.9350192498911224,0.4934344660265739,0.7004773269689738,0.049783318887925865,0.017716166
stage_a_ft,8,7,64,6,8,256,0.2010716092915446,8,2.0,0.2,0.0,0.1,2.0,0.00033775361497450577,2048,0.9376783671019596,0.4961937888274943,0.7082338902147971,0.04986999133275552,0.024606094
stage_a_ft,9,6,32,5,8,192,0.03611590802176332,8,2.0,0.2,0.0,0.1,2.0,0.002053164517837489,8192,0.935713689584079,0.48883985596841784,0.7088305489260143,0.049663310887392495,0.032388043
stage_a_ft,10,2,16,3,4,128,0.0059246236541904695,8,2.0,0.2,0.0,0.1,2.0,0.0012067022763045828,1024,0.9364765009791425,0.48759463442860296,0.7028639618138425,0.04994332955530369,0.031812165
stage_a_ft,11,6,32,2,4,64,0.09429756956444732,8,2.0,0.2,0.0,0.1,2.0,0.0027410271467837198,1024,0.9370374572306411,0.4959108461031845,0.711217183770883,0.04984998999933329,0.03307171
stage_a_ft,12,3,32,3,4,64,0.10679642917814776,8,2.0,0.2,0.0,0.1,2.0,0.0019153294649452573,1024,0.936336549326041,0.49066499924403645,0.6968973747016707,0.04996999799986666,0.015188451
stage_a_ft,13,6,32,3,4,64,0.3862778301767895,8,2.0,0.2,0.0,0.1,2.0,0.002941104708207641,2048,0.9366697079725761,0.49290716470726104,0.704653937947494,0.04994332955530369,0.018940033
stage_a_ft,14,7,32,2,4,64,0.10808098104348103,8,2.0,0.2,0.0,0.1,2.0,0.0016696096161072814,4096,0.9359205530169791,0.49517632122585375,0.7130071599045346,0.04953663577571838,0.041510046
stage_a_ft,15,3,32,3,4,128,0.10205106329505394,8,2.0,0.2,0.0,0.1,2.0,0.0013857256891936856,4096,0.9328604981780011,0.4865239351204501,0.6939140811455847,0.049783318887925865,0.014864878
stage_a_ft,16,7,32,4,4,128,0.042327880001741085,8,2.0,0.2,0.0,0.1,2.0,0.0016323798477866527,4096,0.9386871117581267,0.503100541812407,0.7118138424821002,0.0492432828855257,0.027082168
stage_a_ft,17,5,48,2,4,64,0.15734852456969795,8,2.0,0.2,0.0,0.1,2.0,0.0010905919578856832,1024,0.9362763344923073,0.49082997923323946,0.7130071599045346,0.04966997799853323,0.027238721
stage_a_ft,18,5,16,3,4,256,0.06619793587185492,8,2.0,0.2,0.0,0.1,2.0,0.0024280287644786696,4096,0.9359464596764684,0.4928766581080177,0.7147971360381862,0.04994332955530369,0.043760218
stage_a_ft,19,2,16,3,4,256,0.07192489643622531,8,2.0,0.2,0.0,0.1,2.0,0.0023596905246648873,1024,0.936203350310864,0.4883512293475626,0.6968973747016707,0.04996999799986666,0.014003015
stage_a_ft,20,3,16,4,4,256,0.15079838830655126,8,2.0,0.2,0.0,0.1,2.0,0.000979434451063028,4096,0.92686395879057,0.469230033407956,0.6867541766109785,0.04993666244416294,0.016011024
stage_a_ft,21,3,16,2,4,256,0.0014234901811714384,8,2.0,0.2,0.0,0.1,2.0,0.0016423976933936468,4096,0.9302415666215457,0.4618756920293915,0.6957040572792362,0.04968331222081472,0.029746225
stage_a_ft,22,3,16,3,4,256,0.053609361949642276,8,2.0,0.2,0.0,0.1,2.0,0.002396952833760159,4096,0.9365969067786698,0.4838581669300569,0.7052505966587113,0.04946996466431095,0.041591424
stage_a_ft,23,4,32,2,4,128,0.12749703839846266,8,2.0,0.2,0.0,0.1,2.0,0.001627467487643398,4096,0.9359804496115175,0.4955011392937247,0.7153937947494033,0.0497899859990666,0.023033587
stage_a_ft,24,5,32,3,4,128,0.13109411802333265,8,2.0,0.2,0.0,0.1,2.0,0.002414222895618761,4096,0.9365690588600895,0.4978529424482153,0.7153937947494033,0.04972998199879992,0.018305184
stage_a_ft,25,6,16,3,4,128,0.13543024358354072,8,2.0,0.2,0.0,0.1,2.0,0.002996858488794729,4096,0.9376007406062551,0.4949087375034089,0.7124105011933174,0.04950996733115541,0.033411924
stage_a_ft,26,2,64,3,4,128,0.12885437505718147,8,2.0,0.2,0.0,0.1,2.0,0.0014688618376001497,4096,0.929673821930213,0.4753275104674446,0.6843675417661098,0.049543302886859125,0.017820798
stage_a_ft,27,3,48,5,4,128,0.1731440273599255,8,2.0,0.2,0.0,0.1,2.0,0.0025392932996570706,4096,0.9370194787051038,0.49070913024928886,0.7100238663484487,0.04990332688845923,0.035373658
stage_a_ft,28,2,32,3,4,128,0.0734611166486017,8,2.0,0.2,0.0,0.1,2.0,0.0019334557270397781,2048,0.932243806309442,0.48869641304979816,0.7016706443914081,0.049396626441762785,0.029415125
stage_a_ft,29,4,32,2,4,256,0.17978689331619982,8,2.0,0.2,0.0,0.1,2.0,0.0018639935637648657,4096,0.9343711159900715,0.49149307928358726,0.7058472553699284,0.04966997799853323,0.023048637
stage_a_ft,30,2,16,4,4,128,0.22841435828608647,8,2.0,0.2,0.0,0.1,2.0,0.0022957444034059026,4096,0.9299343583923891,0.4746897229183116,0.6807875894988067,0.04987665844389626,0.024706202
stage_a_ft,31,5,32,2,4,128,0.07658443424425106,8,2.0,0.2,0.0,0.1,2.0,0.00223067892424314,1024,0.9351410638990889,0.4873694570392903,0.7124105011933174,0.04999666644442963,0.037523746
stage_a_ft,32,2,32,2,4,128,0.03442364827989686,8,2.0,0.2,0.0,0.1,2.0,0.0021040953195685537,4096,0.9345552889683497,0.4905395216577274,0.6986873508353222,0.04996999799986666,0.024851508
stage_a_ft,33,6,32,2,4,128,0.1247031155905596,8,2.0,0.2,0.0,0.1,2.0,0.0026597057546527752,1024,0.9387142933633922,0.4978245834114209,0.714200477326969,0.049929995333022205,0.040029928
stage_a_ft,34,1,32,2,8,128,0.021222537521230572,8,2.0,0.2,0.0,0.1,2.0,0.0014355534007467453,4096,0.9223821027209291,0.4591620399066561,0.6652744630071599,0.04970998066537769,0.07382417
stage_a_ft,35,5,64,3,4,192,0.06138306598122504,8,2.0,0.2,0.0,0.1,2.0,0.0016911671329836416,2048,0.9369272688982766,0.5010413187813402,0.7213603818615751,0.049929995333022205,0.02852531
stage_a_ft,36,3,64,3,4,192,0.091614766118333,8,2.0,0.2,0.0,0.1,2.0,0.0017416523345502213,2048,0.9352808186416883,0.49067747160045083,0.7070405727923628,0.049783318887925865,0.031354807
stage_a_ft,37,3,64,5,8,192,0.05848465702941966,8,2.0,0.2,0.0,0.1,2.0,0.0011392660714175885,2048,0.9318096743442402,0.48880781820614183,0.7082338902147971,0.0495233015534369,0.02648764
stage_a_ft,38,2,64,4,4,192,0.14893154581014784,8,2.0,0.2,0.0,0.1,2.0,0.0009086135765012998,2048,0.935803890505986,0.4889290641106908,0.7016706443914081,0.049836655777051805,0.026140062
stage_a_ft,39,2,64,3,4,192,0.26018969811558645,8,2.0,0.2,0.0,0.1,2.0,0.0006543341969912163,2048,0.9317461319219215,0.475759180864905,0.6873508353221957,0.0494299619974665,0.011347117
stage_a_ft,40,2,64,4,8,192,0.1262333769203556,8,2.0,0.2,0.0,0.1,2.0,0.0007784997655082,8192,0.9250910422667795,0.4606328593842217,0.6676610978520287,0.04950996733115541,0.030765569
stage_a_ft,41,2,32,2,4,128,0.05857266423168967,8,2.0,0.2,0.0,0.1,2.0,0.0020895692438411126,4096,0.931496751732534,0.48647384465898025,0.6945107398568019,0.049796653110207346,0.044757646
stage_a_ft,42,2,48,3,4,256,0.08337677420123726,8,2.0,0.2,0.0,0.1,2.0,0.002578359172447476,2048,0.9348053195590924,0.4921639401009537,0.701073985680191,0.04998999933328888,0.020931276
stage_a_ft,43,2,32,2,4,192,0.019822482011999244,8,2.0,0.2,0.0,0.1,2.0,0.00039277092128120575,8192,0.832802666160242,0.16997706430551524,0.4862768496420048,0.049983332222148145,0.17656304
stage_a_ft,44,4,16,3,4,128,0.10768313903954177,8,2.0,0.2,0.0,0.1,2.0,0.0015189967115860929,1024,0.9344582578377143,0.49219452085720056,0.7130071599045346,0.049836655777051805,0.032569453
stage_a_ft,45,2,64,2,8,256,0.18456308618277437,8,2.0,0.2,0.0,0.1,2.0,0.0012751718019544307,4096,0.9320711337000829,0.4856177460813729,0.6963007159904535,0.04980332022134809,0.057346176
stage_a_ft,46,3,32,4,4,128,0.0195744559581456,8,2.0,0.2,0.0,0.1,2.0,0.0018496858855467193,1024,0.9349215703481265,0.48328568937415217,0.7004773269689738,0.04998999933328888,0.026765337
stage_a_ft,47,2,32,3,4,192,0.3002680273778602,8,2.0,0.2,0.0,0.1,2.0,0.002160351478517181,2048,0.9309553473015941,0.4776042065096635,0.6909307875894988,0.04930995399693313,0.03481948
stage_a_ft,48,2,48,2,4,128,0.043603467248010494,8,2.0,0.2,0.0,0.1,2.0,0.0027938267359430883,8192,0.9300061531548404,0.4694708495605457,0.6789976133651552,0.04980332022134809,0.038864754
stage_a_ft,49,2,32,3,4,64,0.20770650886602415,8,2.0,0.2,0.0,0.1,2.0,0.0005126185319474624,4096,0.9100803617615876,0.42569940120722155,0.6426014319809069,0.04970998066537769,0.021775117
stage_a_ft,50,6,16,2,8,256,0.11566534609533377,8,2.0,0.2,0.0,0.1,2.0,0.0017600490244165808,1024,0.9377269304031565,0.4976836501853667,0.7124105011933174,0.049929995333022205,0.027312202
stage_a_ft,51,1,32,2,4,128,0.13488434877892053,8,2.0,0.2,0.0,0.1,2.0,0.0025329884934954835,1024,0.9306757761575513,0.47732670187445764,0.6879474940334129,0.04960330688712581,0.021917552
stage_a_ft,52,2,32,2,4,128,0.06353594880523525,8,2.0,0.2,0.0,0.1,2.0,0.002710256334359999,1024,0.9361289519539967,0.4841941271446363,0.7106205250596659,0.04990999399959997,0.025650635
stage_a_ft,53,2,32,2,4,128,0.08579190349089448,8,2.0,0.2,0.0,0.1,2.0,0.002012368954667407,1024,0.931619874499191,0.4823031717660633,0.7022673031026253,0.04977665177678512,0.052747533
stage_a_ft,54,2,32,3,4,128,0.11593770630150836,8,2.0,0.2,0.0,0.1,2.0,0.0023766649756306814,1024,0.9319636862027875,0.47763612293517993,0.6927207637231504,0.04993666244416294,0.017845303
stage_a_ft,55,2,32,2,4,128,0.09520033709072959,8,2.0,0.2,0.0,0.1,2.0,0.0028413282216473096,1024,0.9300634362099875,0.4782874113866584,0.6861575178997613,0.049769984665644376,0.03622497
stage_a_ft,56,2,32,3,4,64,0.16297416870064058,8,2.0,0.2,0.0,0.1,2.0,0.0015633602328171238,4096,0.9316433068489371,0.4751232702827748,0.6897374701670644,0.0491499433295553,0.047960095
stage_a_ft,57,2,16,4,4,128,0.39711962349581625,8,2.0,0.2,0.0,0.1,2.0,0.0013283110533214636,4096,0.9222271122768566,0.4500680942214187,0.6563245823389021,0.04993666244416294,0.009277861
stage_a_ft,58,2,64,6,4,256,0.14607531269426752,8,2.0,0.2,0.0,0.1,2.0,0.0025312489057083007,1024,0.9303763627996838,0.47711747648824215,0.6986873508353222,0.04974998333222215,0.038229216
stage_a_ft,59,1,32,2,4,128,0.042268761152529415,8,2.0,0.2,0.0,0.1,2.0,0.0022341281340407535,2048,0.9320583384954382,0.4769939022967134,0.6879474940334129,0.049889992666177746,0.019765006
stage_a_ft,60,2,48,3,4,192,0.1911375568272901,8,2.0,0.2,0.0,0.1,2.0,0.0019175800287314026,4096,0.9284333812389401,0.47545761125030217,0.6831742243436754,0.049609973998266554,0.024877256
stage_a_ft,61,2,32,2,4,64,0.10469128356272472,8,2.0,0.2,0.0,0.1,2.0,0.0017172053105777715,4096,0.9311219514872988,0.4864788969241202,0.7016706443914081,0.04999666644442963,0.01869362
stage_a_ft,62,2,32,2,4,64,0.11963461394404512,8,2.0,0.2,0.0,0.1,2.0,0.0020293298993743062,4096,0.9313396569317827,0.4812529689547197,0.6963007159904535,0.049663310887392495,0.026831817
stage_a_ft,63,2,32,2,4,64,0.07081160819972733,8,2.0,0.2,0.0,0.1,2.0,0.0015658507669034404,4096,0.9297953157099893,0.47459672873478886,0.6897374701670644,0.04981665444362957,0.03049203
stage_a_ft,64,2,32,2,4,64,0.13924435762789203,8,2.0,0.2,0.0,0.1,2.0,0.0029766037273498366,4096,0.9299439751830711,0.48450031371897656,0.6903341288782816,0.049689979331955465,0.02797338
stage_a_ft,65,2,16,3,4,128,0.09791794987798735,8,2.0,0.2,0.0,0.1,2.0,0.0023691471239976176,4096,0.9254328908323403,0.45789268420618706,0.662291169451074,0.049983332222148145,0.046712343
stage_a_ft,66,2,32,2,4,256,0.04827200815040096,8,2.0,0.2,0.0,0.1,2.0,0.0016626819035355277,4096,0.9322288311663101,0.48094738838697787,0.6986873508353222,0.049783318887925865,0.019555068
stage_a_ft,67,1,64,3,4,64,0.033320098632620254,8,2.0,0.2,0.0,0.1,2.0,0.0021960962750390725,8192,0.9217209329468425,0.45231292451357014,0.6694510739856802,0.0499766651110074,0.025616491
stage_a_ft,68,2,32,2,8,128,0.07598695424872125,8,2.0,0.2,0.0,0.1,2.0,0.0010041369019844365,1024,0.9344080396927018,0.4910460667638644,0.6945107398568019,0.049956663777585175,0.05167874
stage_a_ft,69,2,16,2,4,128,0.17077364556054572,8,2.0,0.2,0.0,0.1,2.0,0.002672015159116577,2048,0.9307157330775115,0.4766755874926907,0.6897374701670644,0.04984332288819254,0.043630417
stage_a_ft,70,2,32,5,4,192,0.22878678034902192,8,2.0,0.2,0.0,0.1,2.0,0.0018163151382904444,4096,0.9272025394373944,0.46817849178854976,0.6891408114558473,0.0492432828855257,0.018044153
stage_a_ft,71,2,48,2,4,64,0.15905888587297667,8,2.0,0.2,0.0,0.1,2.0,0.0010553374899165482,1024,0.9309041545490464,0.4797867202700319,0.6945107398568019,0.04993666244416294,0.023168439
stage_a_ft,72,2,48,2,4,64,0.12138389735425495,8,2.0,0.2,0.0,0.1,2.0,0.0014360664687918774,1024,0.9352549457951135,0.48842295503074623,0.6992840095465394,0.04906993799586639,0.03235786
stage_a_ft,73,2,48,2,4,64,0.15477956937637397,8,2.0,0.2,0.0,0.1,2.0,0.0008497153508638567,1024,0.9348760323082794,0.47379619705776144,0.6968973747016707,0.04992332822188146,0.014999326
stage_a_ft,74,2,48,2,4,64,0.1375088960209614,8,2.0,0.2,0.0,0.1,2.0,0.0012098340902383026,1024,0.9312701713924921,0.4730305245419497,0.6921241050119332,0.049543302886859125,0.022327995
stage_a_ft,75,2,64,3,4,256,0.36607698390279736,8,2.0,0.2,0.0,0.1,2.0,0.0011121705314083136,4096,0.9276580948674223,0.46611821967284073,0.6772076372315036,0.049929995333022205,0.014480235
stage_a_ft,76,1,48,3,4,128,0.08582510945033091,8,2.0,0.2,0.0,0.1,2.0,0.002446381908422202,2048,0.9313265792898524,0.4758552283353464,0.6968973747016707,0.04977665177678512,0.011107616
stage_a_ft,77,2,32,2,4,192,0.1044538475621743,8,2.0,0.2,0.0,0.1,2.0,0.001385872309114455,1024,0.9350994620802883,0.4915005323675542,0.7118138424821002,0.04964330955397026,0.046986993
stage_a_ft,78,2,16,3,8,64,0.064556160318922,8,2.0,0.2,0.0,0.1,2.0,0.001963607499874368,4096,0.9283266756367687,0.4737220120487297,0.6843675417661098,0.04999666644442963,0.036936678
stage_a_ft,79,2,32,2,4,128,0.13029838470625066,8,2.0,0.2,0.0,0.1,2.0,0.0021156848940448968,8192,0.9269826858783425,0.4783626775796178,0.6891408114558473,0.04964330955397026,0.027815487
stage_b_head,0,7,64,3,4,192,0.06138306598122504,6,3.647843727371494,0.2,0.0,0.2664360852392103,3.7516948401886787,0.00032072667294800235,4096,0.9350644179779048,0.49388203434500827,0.6974940334128878,0.0495233015534369,0.023365024
stage_b_head,1,3,64,3,4,192,0.06138306598122504,6,1.6916567499911181,0.2,0.0,0.33728987769188185,5.259801823949822,0.0028092238453620894,2048,0.9359813486372441,0.48903747472438763,0.7034606205250596,0.049609973998266554,0.03734921
stage_b_head,2,8,64,3,4,192,0.06138306598122504,6,2.8580062882010147,0.2,0.0,0.19023854680290128,4.218231020100461,0.0028531551517424992,2048,0.9320187654515074,0.4960110688641462,0.7189737470167065,0.049983332222148145,0.006591205
stage_b_head,3,7,64,3,4,192,0.06138306598122504,6,3.071964489705403,0.2,0.0,0.11022351065958086,5.494061621730227,0.0004830728460117651,2048,0.9381874304746808,0.5012941299702462,0.7082338902147971,0.0499766651110074,0.024685983
stage_b_head,4,8,64,3,4,192,0.06138306598122504,8,3.2617890197013537,0.2,0.0,0.24382394850361833,3.746168874490115,0.00048217324190150866,2048,0.9368145207293852,0.49177672299789066,0.7064439140811456,0.049836655777051805,0.026460756
stage_b_head,5,5,64,3,4,192,0.06138306598122504,8,2.97026010664594,0.2,0.0,0.09813730118534392,4.76407599778503,0.0015749541044052056,4096,0.9359432912074807,0.49454138988200363,0.7136038186157518,0.04998999933328888,0.048599113
stage_b_head,6,8,64,3,4,192,0.06138306598122504,12,1.5604215624513615,0.2,0.0,0.19252133338212665,2.527971179400679,0.00034740960628953585,8192,0.9311674974831259,0.48912663377051346,0.6933174224343676,0.049983332222148145,0.026414879
stage_b_head,7,8,64,3,4,192,0.06138306598122504,6,3.7147487388696834,0.2,0.0,0.1020185121339186,3.272232204172022,0.0012418188004571498,2048,0.9382450357470131,0.49953307414953535,0.7171837708830548,0.049983332222148145,0.021877037
stage_b_head,8,2,64,3,4,192,0.06138306598122504,8,3.7624279515831263,0.2,0.0,0.22090565880456145,5.239999649126595,0.0025096360169316887,1024,0.9334869261769401,0.478651406124748,0.6837708830548926,0.04993666244416294,0.01254427
stage_b_head,9,2,64,3,4,192,0.06138306598122504,4,3.362392813830574,0.2,0.0,0.04224688256103307,1.1358165192472314,0.000648052583461147,1024,0.9303237240477926,0.4880804684322624,0.6909307875894988,0.049743316221081406,0.058690205
stage_b_head,10,2,64,3,4,192,0.06138306598122504,10,2.428482046149806,0.2,0.0,0.3736804403699916,2.1654506304763133,0.00183920353123168,8192,0.9296680578227888,0.4706729943520166,0.684964200477327,0.04976331755450363,0.06308609
stage_b_head,11,2,64,3,4,192,0.06138306598122504,6,2.439959713687281,0.2,0.0,0.14954408774676703,3.0214734257833644,0.0010960356348794103,2048,0.9336601915068006,0.47834615299893635,0.6879474940334129,0.049383292219481296,0.016617442
stage_b_head,12,2,64,3,4,192,0.06138306598122504,6,3.953123820963408,0.2,0.0,0.010452407438500289,4.2946300459244755,0.0010578504983487782,2048,0.9299866470811657,0.4876780571967917,0.6998806682577565,0.04975665044336289,0.03785327
stage_b_head,13,2,64,3,4,192,0.06138306598122504,12,2.5364801477824575,0.2,0.0,0.15541911244871978,3.2921734404669616,0.0016655820675599642,2048,0.9332580207017779,0.4860807284715859,0.6933174224343676,0.04999666644442963,0.1046724
stage_b_head,14,2,64,3,4,192,0.06138306598122504,4,2.049271169666652,0.2,0.0,0.06579160996094935,4.5952302872635125,0.0008102737094372461,2048,0.9331707575254421,0.4877500098440066,0.6921241050119332,0.04965664377625175,0.0851558
stage_b_head,15,2,64,3,4,192,0.06138306598122504,10,3.4989557144133854,0.2,0.0,0.28329818552432384,5.9498082845505715,0.0022023077390580137,2048,0.9281049186095301,0.47211213789685946,0.6915274463007159,0.04999666644442963,0.018192703
stage_b_head,16,2,64,3,4,192,0.06138306598122504,6,2.8070441581607364,0.2,0.0,0.17373869526597252,2.0638113745727136,0.0012715915518470113,8192,0.8972498703573077,0.4231515620392286,0.6175417661097852,0.04989665977731849,0.036972925
stage_b_head,17,2,64,3,4,192,0.06138306598122504,6,2.059156504011888,0.2,0.0,0.10534966319317542,4.090605863064478,0.0007877374763428727,4096,0.9285222057763278,0.4821727593515675,0.6837708830548926,0.04936329088605907,0.020140056
stage_b_head,18,7,64,3,4,192,0.06138306598122504,6,3.1931971031340645,0.2,0.0,0.3079990306700113,3.097224465102392,0.001347545693372103,1024,0.9359287078963577,0.49266113525924854,0.711217183770883,0.049956663777585175,0.060652778
stage_b_head,19,2,64,3,4,192,0.06138306598122504,10,2.696356256709419,0.2,0.0,0.1286768858096203,2.673695706230413,0.0020833161424952725,2048,0.9323952086065881,0.47646957996511524,0.6945107398568019,0.049343289552636845,0.062717065
stage_b_head,20,1,64,3,4,192,0.06138306598122504,12,3.9169168321715393,0.2,0.0,0.20845679192081576,1.5591114428777801,0.0029362024422027303,2048,0.9195803149008661,0.465991183943537,0.6813842482100239,0.04945663044202947,0.008680798
stage_b_head,21,2,64,3,4,192,0.06138306598122504,8,2.943512550026713,0.2,0.0,0.07494061889577804,4.738494911043981,0.001498465697257563,4096,0.9292593989161728,0.4808358888931034,0.6855608591885441,0.04987665844389626,0.033380236
stage_b_head,22,2,64,3,4,192,0.06138306598122504,8,2.9266347806234116,0.2,0.0,0.0014605754450024155,4.487467056949658,0.0018137379985401585,4096,0.923186681021376,0.4745629792743057,0.6825775656324582,0.04994999666644443,0.050600003
stage_b_head,23,2,64,3,4,192,0.06138306598122504,8,3.469660865124154,0.2,0.0,0.09102368138322617,3.9752072829982854,0.0012148496056740602,4096,0.9272996521168236,0.4803286896879717,0.6807875894988067,0.0499766651110074,0.013499927
stage_b_head,24,2,64,3,4,192,0.06138306598122504,4,2.2007080111346324,0.2,0.0,0.04201431362925445,4.8887556772917575,0.0009297853580065839,4096,0.9270163555852013,0.4805512791442896,0.6813842482100239,0.04953663577571838,0.022056071
stage_b_head,25,2,64,3,4,192,0.06138306598122504,8,2.6528464748251346,0.2,0.0,0.15785628649033806,3.582367168411494,0.0022424794257764435,4096,0.9300145586475852,0.4754225466873179,0.6807875894988067,0.049929995333022205,0.026075006
stage_b_head,26,2,64,3,4,192,0.06138306598122504,6,3.1185276908704123,0.2,0.0,0.12456111693616859,4.997672588133939,0.0015319401231798713,1024,0.9365806626567467,0.49351438463512526,0.7076372315035799,0.04993666244416294,0.021907978
stage_b_head,27,2,64,3,4,192,0.06138306598122504,6,2.9458744591778174,0.2,0.0,0.049160353874419464,5.744605617962263,0.0019212928468686514,8192,0.9248231584571827,0.45233127323223593,0.6813842482100239,0.04999666644442963,0.030474313
stage_b_head,28,2,64,3,4,192,0.06138306598122504,8,3.636695583857358,0.2,0.0,0.17885708121223134,4.242311451576795,0.002600340306421612,2048,0.9286150480835555,0.48983742230633787,0.6873508353221957,0.04972998199879992,0.030160552
stage_b_head,29,2,64,3,4,192,0.06138306598122504,6,3.6537848403117033,0.2,0.0,0.23813145155879498,3.8692582218417275,0.0006324611462572468,4096,0.9300783735622152,0.4787272109865164,0.6915274463007159,0.04970331355423695,0.020386882
stage_b_head,30,2,64,3,4,192,0.06138306598122504,4,3.376859369374511,0.2,0.0,0.13133867912093883,3.4655695006345755,0.0014386411157465211,4096,0.932066356134164,0.4809209303760618,0.6897374701670644,0.04994332955530369,0.019614415
stage_b_head,31,1,64,3,4,192,0.06138306598122504,6,3.1759037661193665,0.2,0.0,0.29591923762959405,2.7601454436335384,0.0012898275024349315,1024,0.9260632888652401,0.4723676904646026,0.6867541766109785,0.04990999399959997,0.029716926
stage_b_head,32,2,64,3,4,192,0.06138306598122504,6,2.7697480039277242,0.2,0.0,0.3139566797707184,3.164652508472254,0.0010445430168217055,1024,0.9300798295065335,0.4746266087903007,0.6807875894988067,0.04999666644442963,0.011493512
stage_b_head,33,2,64,3,4,192,0.06138306598122504,6,3.031589094332417,0.2,0.0,0.3983237005640161,2.9405978584802233,0.0009163303709312853,1024,0.9315320345143137,0.4798490010057167,0.6945107398568019,0.049889992666177746,0.03716475
stage_b_head,34,2,64,3,4,192,0.06138306598122504,6,3.2119843516385993,0.2,0.0,0.3344876679393758,3.409353481991534,0.001387105397203904,1024,0.9320738248102778,0.48788665756572924,0.7022673031026253,0.04948329888659244,0.04680082
stage_b_head,35,5,64,3,4,192,0.06138306598122504,6,3.294599154531195,0.2,0.0,0.27028727299576083,2.3538756625620243,0.0017026817167128123,2048,0.9361896759704427,0.49711091976580846,0.7153937947494033,0.049889992666177746,0.01658956
stage_b_head,36,2,64,3,4,192,0.06138306598122504,12,3.7708782361135205,0.2,0.0,0.27172650737501197,2.4061086347540277,0.0024686838575293914,2048,0.9352952766461279,0.4908386008317433,0.6951073985680191,0.04986999133275552,0.016401542
stage_b_head,37,2,64,3,4,192,0.06138306598122504,6,3.370741326295851,0.2,0.0,0.2429131407482599,5.27033673226588,0.0017592992330409344,2048,0.9316249345023957,0.4727768281311266,0.6945107398568019,0.04938995933062204,0.033473067
stage_b_head,38,2,64,3,4,192,0.06138306598122504,8,3.5930831108742134,0.2,0.0,0.21540530965289695,1.6834297525798463,0.0029860186249036354,2048,0.9305237473269896,0.4751892180027629,0.6897374701670644,0.04977665177678512,0.01880269
stage_b_head,39,2,64,3,4,192,0.06138306598122504,10,3.2890353989942187,0.2,0.0,0.09607185269555137,3.7298090031742976,0.001603814611332498,2048,0.933377177412464,0.487617705549119,0.6903341288782816,0.04996333088872591,0.017017936
stage_b_head,40,2,64,3,4,192,0.06138306598122504,6,3.7919528201644566,0.2,0.0,0.2573793501672287,4.35323439380594,0.0020227332383655912,2048,0.9317758753527084,0.48527443057871744,0.6867541766109785,0.049716647776518436,0.022969028
stage_b_head,41,2,64,3,4,192,0.06138306598122504,6,3.023008738222017,0.2,0.0,0.34278639005151323,2.3278777222847777,0.0011585384980844237,1024,0.9322412464729152,0.47323377051631677,0.6915274463007159,0.049783318887925865,0.019299572
stage_b_head,42,2,64,3,4,192,0.06138306598122504,6,2.8458704193888837,0.2,0.0,0.31215570313802565,2.9232266654398025,0.0003018908861231914,8192,0.8721145013486182,0.2252073467195553,0.5548926014319809,0.04958997266484432,0.13113134
stage_b_head,43,2,64,3,4,192,0.06138306598122504,6,2.583752455237929,0.2,0.0,0.19676397391428696,1.8329467682457006,0.0012954663771552626,2048,0.9334860629531229,0.48017487579764473,0.6915274463007159,0.049863324221614776,0.026668975
stage_b_head,44,2,64,3,4,192,0.06138306598122504,6,3.2625470324343815,0.2,0.0,0.3544665893586586,3.1421405565613543,0.0016132918882991588,2048,0.9328867270546755,0.47237034345415263,0.6873508353221957,0.04976331755450363,0.017774818
stage_b_head,45,2,64,3,4,192,0.06138306598122504,6,3.4864220908932504,0.2,0.0,0.2960575657294472,3.617709255671586,0.00037089435522254385,1024,0.9309963544108986,0.48183090279249496,0.6885441527446301,0.049889992666177746,0.023994828
stage_b_head,46,4,64,3,4,192,0.06138306598122504,12,3.131847110707704,0.2,0.0,0.22941521639097373,1.2467625295088935,0.002406831304713438,2048,0.935210778172801,0.4912027917697596,0.7070405727923628,0.049836655777051805,0.05363998
stage_b_head,47,2,64,3,4,192,0.06138306598122504,4,1.7044374174739878,0.2,0.0,0.25959695108171116,2.6143796595008406,0.0010513138156337356,2048,0.9335940932259446,0.48816415260360907,0.6963007159904535,0.049836655777051805,0.025761446
stage_b_head,48,2,64,3,4,192,0.06138306598122504,10,2.493851596652989,0.2,0.0,0.0698185151552835,2.0679550466287036,0.0007912310643561702,8192,0.9241432702514297,0.46833282029337464,0.6789976133651552,0.04998999933328888,0.033899117
stage_b_head,49,2,64,3,4,192,0.06138306598122504,8,2.8389216679688736,0.2,0.0,0.17651543044653595,4.090065750223848,0.000669307305663073,2048,0.919653074325878,0.47401406303561144,0.6837708830548926,0.049689979331955465,0.034525495
stage_b_head,50,2,64,3,4,192,0.06138306598122504,6,2.289755930451483,0.2,0.0,0.019965504525898847,5.047273698159043,0.001816290377154814,1024,0.9293950742300879,0.4811886360875799,0.6957040572792362,0.04990999399959997,0.01466821
stage_b_head,51,2,64,3,4,192,0.06138306598122504,6,3.0645485000085175,0.2,0.0,0.11603867658598188,5.624726329383063,0.000529144776302325,2048,0.9292791874271332,0.4836151142180647,0.6825775656324582,0.0499766651110074,0.0281819
stage_b_head,52,2,64,3,4,192,0.06138306598122504,6,3.3179752700666594,0.2,0.0,0.1380935860182307,5.532765987396308,0.00038669720606293004,2048,0.929575418393048,0.4780698089299199,0.681980906921241,0.04972331488765918,0.03813504
stage_b_head,53,2,64,3,4,192,0.06138306598122504,6,2.925404338432966,0.2,0.0,0.1467923161153824,5.360711642049295,0.001137582567072721,2048,0.9316693646720442,0.48541413921868826,0.6915274463007159,0.04999666644442963,0.0212824
stage_b_head,54,2,64,3,4,192,0.06138306598122504,6,2.7084648712891872,0.2,0.0,0.10709024449756023,4.7363640102983044,0.00044549142236356877,4096,0.922711116301946,0.4671934522132514,0.6885441527446301,0.04992332822188146,0.018150272
stage_b_head,55,2,64,3,4,192,0.06138306598122504,8,3.4636177952497644,0.2,0.0,0.0803882776400435,4.470358895778924,0.0013920154516686026,2048,0.9331519674899568,0.489517014215062,0.6968973747016707,0.04975665044336289,0.026054854
stage_b_head,56,2,64,3,4,192,0.06138306598122504,12,3.011990321487996,0.2,0.0,0.05256009394708776,3.3365431916463995,0.0008551753775657362,2048,0.9299975964984779,0.4813003703817384,0.6909307875894988,0.04977665177678512,0.050468337
stage_b_head,57,2,64,3,4,192,0.06138306598122504,6,3.859331016760174,0.2,0.0,0.033379410691630834,5.121306475924801,0.0027308311544601326,4096,0.9303918809384428,0.4804974370493034,0.6855608591885441,0.04996333088872591,0.06405562
stage_b_head,58,2,64,3,4,192,0.06138306598122504,10,3.559645085237979,0.2,0.0,0.1626073065330113,4.725030627288882,0.002214747187862732,8192,0.9273484839323417,0.47035721330942215,0.6795942720763724,0.04990999399959997,0.016889542
stage_b_head,59,2,64,3,4,192,0.06138306598122504,4,3.9962701989468803,0.2,0.0,0.0888448760829085,4.19708446203344,0.000703654615824209,2048,0.9329071838679459,0.48396982631482405,0.6963007159904535,0.04982332155477032,0.037158452
stage_b_head,60,2,64,3,4,192,0.06138306598122504,8,3.1882893633867027,0.2,0.0,0.05997768255545552,5.962090168783524,0.0005422816095625466,4096,0.9233955274822618,0.4694108263717276,0.6760143198090692,0.04989665977731849,0.01788336
stage_b_head,61,6,64,3,4,192,0.06138306598122504,6,3.114690822792186,0.2,0.0,0.11809995961638212,5.033581127557317,0.0015251266341769565,1024,0.9384306527356397,0.498321948328866,0.7118138424821002,0.04999666644442963,0.04810273
stage_b_head,62,3,64,3,4,192,0.06138306598122504,6,2.8882905681876725,0.2,0.0,0.11337965016995818,5.761572564773128,0.001714517088281635,1024,0.9354173412674607,0.49337953909408083,0.7004773269689738,0.04990999399959997,0.022378987
stage_b_head,63,5,64,3,4,192,0.06138306598122504,6,3.1169910925812174,0.2,0.0,0.10007574415100974,5.362764392850512,0.0009814497660055666,1024,0.937802530112986,0.4885199030372545,0.7118138424821002,0.049636642442829525,0.034539144
stage_b_head,64,2,64,3,4,192,0.06138306598122504,6,3.1209793181644714,0.2,0.0,0.09763715661820532,4.889711832020989,0.0009623392587900115,1024,0.931307675881654,0.4841781500700037,0.6885441527446301,0.04984998999933329,0.020595036
stage_b_head,65,1,64,3,4,192,0.06138306598122504,6,2.9768353999988797,0.2,0.0,0.1874564282510144,5.38468749649861,0.0012352126262794223,1024,0.9306056501618802,0.4792199182342659,0.6915274463007159,0.049889992666177746,0.019788608
stage_b_head,66,3,64,3,4,192,0.06138306598122504,6,3.6974715880407656,0.2,0.0,0.14358783723815888,3.911266555352199,0.0014685798502093873,1024,0.9369865787392987,0.48034642565090957,0.7052505966587113,0.04999666644442963,0.028560994
stage_b_head,67,2,64,3,4,192,0.06138306598122504,6,2.625959809760322,0.2,0.0,0.12615075844693982,4.612291779244048,0.0009926074407637527,1024,0.9326159134554872,0.48486664775584276,0.6957040572792362,0.04986999133275552,0.03793479
stage_b_head,68,2,64,3,4,192,0.06138306598122504,6,3.3784713330081226,0.2,0.0,0.08444822384620793,2.7837869725825657,0.0013295430797116408,1024,0.9334077940120431,0.4861933403979296,0.6974940334128878,0.04996999799986666,0.043049995
stage_b_head,69,2,64,3,4,192,0.06138306598122504,8,3.116497733615863,0.2,0.0,0.16696141416213106,4.909564117948099,0.0019936363332292146,1024,0.9340434171347303,0.48310761439740313,0.6903341288782816,0.049783318887925865,0.022423068
stage_b_head,70,2,64,3,4,192,0.06138306598122504,6,2.7530074756498126,0.2,0.0,0.2807951871407247,5.181301263177154,0.0015440960038552408,1024,0.9267841324664285,0.4816253942540416,0.6843675417661098,0.04984998999933329,0.02450819
stage_b_head,71,2,64,3,4,192,0.06138306598122504,6,3.2302615371044863,0.2,0.0,0.11886796370832793,5.544815204435407,0.0012166790380331348,4096,0.9271194889524059,0.45286602534902703,0.6861575178997613,0.04977665177678512,0.016840626
stage_b_head,72,3,64,3,4,192,0.06138306598122504,6,3.093406703889397,0.2,0.0,0.10233265574955766,3.1505748723807336,0.0011642048257368021,2048,0.936889899660773,0.4987475708931103,0.7159904534606205,0.049983332222148145,0.026259543
stage_b_head,73,5,64,3,4,192,0.06138306598122504,6,3.050286235736264,0.2,0.0,0.1005821396743067,3.186917397920483,0.0011333651007105576,2048,0.9379318664999305,0.4985693853956603,0.7118138424821002,0.049916661110740716,0.038149446
stage_b_head,74,1,64,3,4,192,0.06138306598122504,6,2.8835922682463155,0.2,0.0,0.10003166649568233,3.2787520585411967,0.0011446100316041905,2048,0.9310773960109671,0.47388225754476676,0.6927207637231504,0.04994332955530369,0.015018699
stage_b_head,75,2,64,3,4,192,0.06138306598122504,6,3.0493170397102634,0.2,0.0,0.06635098728770777,3.668440070789871,0.0010785789376343592,2048,0.9260011506733703,0.4865111395840379,0.6903341288782816,0.04982998866591106,0.05531806
stage_b_head,76,2,64,3,4,192,0.06138306598122504,6,2.7903072077583353,0.2,0.0,0.12957099592209234,2.4370818287689704,0.0008788586063102297,2048,0.9303913061188964,0.4570871882276336,0.6795942720763724,0.04986999133275552,0.023674289
stage_b_head,77,2,64,3,4,192,0.06138306598122504,12,3.316000773244814,0.2,0.0,0.10787379618548731,2.8767322543415945,0.0010048511749534699,2048,0.9339190592021966,0.48321203207670965,0.6921241050119332,0.049623308220548036,0.021536073
stage_b_head,78,1,64,3,4,192,0.06138306598122504,6,3.4219014246336292,0.2,0.0,0.07385265830566361,3.060284499940049,0.00166114011161571,2048,0.9311007328889548,0.47932046834258063,0.6915274463007159,0.04996333088872591,0.029912828
stage_b_head,79,3,64,3,4,192,0.06138306598122504,4,2.9716918456857417,0.2,0.0,0.152825776751351,3.501355018637776,0.0019074678699272805,2048,0.9341192396119964,0.48123020755382717,0.6992840095465394,0.04973664910994066,0.0164428
stage_b_head,80,7,64,3,4,192,0.06138306598122504,10,3.158517402586043,0.2,0.0,0.21014612089895096,3.7904686255671067,0.001190312881603999,2048,0.9401312116114025,0.502549253518602,0.7136038186157518,0.049489965997733185,0.02968933
stage_b_head,81,1,64,3,4,192,0.06138306598122504,10,3.16149850241727,0.2,0.0,0.20536634892499134,3.8102107989974754,0.0012002561029203368,2048,0.9260397689997153,0.4798723590638026,0.6867541766109785,0.04987665844389626,0.05006295
stage_b_head,82,2,64,3,4,192,0.06138306598122504,10,3.09796148600516,0.2,0.0,0.08710298394404617,3.248588211653716,0.00143215191893512,2048,0.93532504195586,0.4864658326358092,0.6963007159904535,0.049956663777585175,0.026669638
stage_b_head,83,1,64,3,4,192,0.06138306598122504,10,3.2688982199935346,0.2,0.0,0.23037543643613362,4.07968030554323,0.001109741048224041,2048,0.9249245912336876,0.4774801760775222,0.6897374701670644,0.04989665977731849,0.020777268
stage_b_head,84,2,64,3,4,192,0.06138306598122504,10,3.006710412477413,0.2,0.0,0.13713537044198398,4.496946608174213,0.0013091680928641856,2048,0.9357317357354452,0.4857402963438239,0.6933174224343676,0.049983332222148145,0.020395221
stage_b_head,85,2,64,3,4,192,0.06138306598122504,8,3.2196043353038872,0.2,0.0,0.21622720336862636,3.4026558890934737,0.0010375737235229824,8192,0.9200210006044953,0.44999315756809555,0.6640811455847255,0.04990332688845923,0.02513559
stage_b_head,86,2,64,3,4,192,0.06138306598122504,6,3.537028164966197,0.2,0.0,0.18824169112601907,3.5770995841785536,0.0013691481436960016,2048,0.9292262025901169,0.4755680703852641,0.6885441527446301,0.049916661110740716,0.023881298
stage_b_head,87,2,64,3,4,192,0.06138306598122504,6,2.8498324659082033,0.2,0.0,0.11922389141118127,2.2726634459133006,0.0015819567063172814,4096,0.9287956647388268,0.47880893623211684,0.684964200477327,0.04969664644309621,0.0359013
stage_b_head,88,2,64,3,4,192,0.06138306598122504,10,2.9154150079443246,0.2,0.0,0.10055854731724297,4.368114748061105,0.0009077708920378165,2048,0.9321142491440559,0.47542871043194057,0.6939140811455847,0.04984332288819254,0.023636943
stage_b_head,89,2,64,3,4,192,0.06138306598122504,6,2.694946846652165,0.2,0.0,0.2508740888968797,2.5987611610260655,0.0008254032566055792,2048,0.9224624998866273,0.4885306255429599,0.6807875894988067,0.049103273551570105,0.04629292
stage_b_head,90,3,64,3,4,192,0.06138306598122504,6,3.0404146171619035,0.2,0.0,0.059035201684149115,5.011841341167737,0.0011917151248780214,2048,0.935164902003809,0.4931696599014114,0.7022673031026253,0.04975665044336289,0.056145165
stage_b_head,91,2,64,3,4,192,0.06138306598122504,6,3.1872768305187518,0.2,0.0,0.3126092030518371,3.09601217702849,0.0012909273805617415,1024,0.9321949784719141,0.4774997057244063,0.6909307875894988,0.04956330422028135,0.03174022
stage_b_head,92,2,64,3,4,192,0.06138306598122504,6,3.096108200595736,0.2,0.0,0.2892204254006307,2.963914817058142,0.0014392965650435723,1024,0.9371570535092157,0.4888535473047724,0.7064439140811456,0.04996999799986666,0.032093745
stage_b_head,93,1,64,3,4,192,0.06138306598122504,6,3.343514254614381,0.2,0.0,0.37399358225558293,2.7896269000274216,0.0015009893461276531,1024,0.9332636893374436,0.47333267739392476,0.6939140811455847,0.04996999799986666,0.029378124
stage_b_head,94,2,64,3,4,192,0.06138306598122504,8,3.264661113928097,0.2,0.0,0.3330846358798183,3.7555647413991435,0.0011027162393344135,4096,0.9257827033337626,0.47735108576734836,0.6766109785202864,0.049623308220548036,0.08255113
stage_b_head,95,1,64,3,4,192,0.06138306598122504,6,3.1580202968098052,0.2,0.0,0.03598954698978597,3.4621330283612566,0.001249739910641326,1024,0.93226577475889,0.48215661882798155,0.6951073985680191,0.04996333088872591,0.014458876
stage_b_head,96,2,64,3,4,192,0.06138306598122504,6,2.96031330511963,0.2,0.0,0.07609672789178151,3.155758982001498,0.0023115335159430107,2048,0.9344791204059586,0.4876859418945061,0.7034606205250596,0.049783318887925865,0.033689912
stage_b_head,97,2,64,3,4,192,0.06138306598122504,12,2.8137553427266364,0.2,0.0,0.2677616686773671,3.25043402629001,0.0009536975905560988,8192,0.9253437500447524,0.45675024676458725,0.6736276849642004,0.04999666644442963,0.04413903
stage_b_head,98,2,64,3,4,192,0.06138306598122504,4,3.4188875163677164,0.2,0.0,0.3220045876288549,5.388012332677806,0.0017401529999103696,2048,0.9320177570310575,0.47580598363017235,0.6903341288782816,0.04958330555370358,0.022391325
stage_b_head,99,2,64,3,4,192,0.06138306598122504,6,3.2315230004696422,0.2,0.0,0.10627941305851765,4.0042113092204685,0.0007297819324016194,1024,0.9311664731507161,0.48449615800640233,0.6968973747016707,0.049369957997199815,0.028510334
stage_c_joint,0,5,48,4,4,128,0.06257135513197781,6,2.8037449289972214,0.2,0.0,0.14385419093729773,3.8035423580398517,0.0028927409650033186,1024,0.9363377248220685,0.49132056341811364,0.7076372315035799,0.048929928661910795,0.04324561
stage_c_joint,1,3,64,2,8,256,0.019244833546531313,4,2.561023508943688,0.2,0.0,0.15459105796292133,4.152359286283106,0.002516199419479052,1024,0.9370977953820628,0.49114492827652145,0.7034606205250596,0.04989665977731849,0.02571676
stage_c_joint,2,7,48,4,8,192,0.08507465616572804,4,2.8253786011290662,0.2,0.0,0.18936536582569857,3.6434220708861345,0.0014537282356880006,1024,0.9365308522557034,0.5008034051474382,0.7118138424821002,0.04996333088872591,0.021491868
stage_c_joint,3,9,48,2,8,192,0.09714036416336763,6,2.4948996384644624,0.2,0.0,0.2326804163207724,4.476372095395442,0.0013162390332454297,4096,0.9358257256927709,0.4905079328548014,0.7088305489260143,0.04994332955530369,0.027509501
stage_c_joint,4,8,48,4,8,256,0.0035736789031792573,8,2.5193468998026836,0.2,0.0,0.1901700142221338,4.2227731275185025,0.0024527188916444996,2048,0.9388503087954471,0.5018288312025583,0.7201670644391408,0.04961664110940729,0.04098778
stage_c_joint,5,7,48,3,8,256,0.02324250742738376,8,2.7972070857129605,0.2,0.0,0.16852754157022257,3.7951571489829985,0.0016661222828838079,4096,0.9379722192298897,0.49853735604702815,0.7201670644391408,0.04994332955530369,0.033104822
stage_c_joint,6,7,64,2,8,192,0.10238409506519375,4,2.9451141067124658,0.2,0.0,0.17244614270192965,4.238013927824875,0.0017382546371324749,1024,0.9368866377090215,0.49597878161171766,0.714200477326969,0.049796653110207346,0.019947987
stage_c_joint,7,9,48,3,8,192,0.11368108954619219,4,2.7864540731287404,0.2,0.0,0.248621180599431,4.17056654978495,0.0017021631482813217,4096,0.93945464900524,0.5041547333951683,0.7159904534606205,0.04996999799986666,0.015646916
stage_c_joint,8,3,64,4,4,128,0.05654459916673907,4,2.8970520884722397,0.2,0.0,0.18869298333438106,4.290880379030063,0.002946523606745673,4096,0.9348672170825708,0.4906788278107379,0.7070405727923628,0.049516634442296155,0.039923888
stage_c_joint,9,2,48,4,4,128,0.06846959960692489,4,2.5044147891603625,0.2,0.0,0.1397157748508392,4.612963230796746,0.0029534499858729574,1024,0.9332814868644386,0.4851743410398906,0.6933174224343676,0.04984998999933329,0.025480904
stage_c_joint,10,2,64,3,4,256,0.037829689178300784,8,3.2031614540432107,0.2,0.0,0.2149150539242467,4.867439067177632,0.0022487044289912516,2048,0.9337329310418626,0.48598641870050013,0.6927207637231504,0.049883325555037,0.033068955
stage_c_joint,11,2,48,3,8,256,0.002948297083212883,8,2.6840103559225676,0.2,0.0,0.16975695926734424,3.8659882075947034,0.002064757649036789,2048,0.934080774438264,0.4860461027242731,0.7058472553699284,0.04992332822188146,0.029046163
stage_c_joint,12,3,48,3,8,256,0.001991200085686668,8,3.0836142592581144,0.2,0.0,0.2087963619567102,3.5189331026469297,0.0017553463590354917,2048,0.9341082384808151,0.49525042631999694,0.7016706443914081,0.04984998999933329,0.039239362
stage_c_joint,13,2,48,3,8,256,0.028629528008446148,8,2.6776856503544724,0.2,0.0,0.17443332278011647,3.9864116317489007,0.0024088461445705253,2048,0.925432316012794,0.45897414322408775,0.6754176610978521,0.049863324221614776,0.03412986
stage_c_joint,14,6,48,4,8,256,0.04225665088590086,8,2.6458263990608226,0.2,0.0,0.20670758539264514,3.9847060009007764,0.0019004968102588748,4096,0.9374956162550853,0.5005214169204704,0.714200477326969,0.04985665711047403,0.03944084
stage_c_joint,15,6,48,3,8,256,0.019881802106306426,8,3.0076154759014972,0.2,0.0,0.15749147517132778,4.45722581446848,0.001578220142489561,2048,0.9376907048377608,0.5011403918005738,0.7189737470167065,0.04994999666644443,0.04410961
stage_c_joint,16,2,48,4,8,256,0.016170683117287775,8,2.6121040283970394,0.2,0.0,0.19444418673782818,3.7040138963410487,0.002061546956803179,4096,0.9293856225259887,0.4716046796467967,0.681980906921241,0.04955663710914061,0.02112999
stage_c_joint,17,1,48,2,8,256,0.04244020230101714,6,2.7444360074561405,0.2,0.0,0.1611799533244854,3.9972838382920703,0.002553938219823098,2048,0.9291155508219244,0.4664089061284906,0.6879474940334129,0.04998999933328888,0.043939088
stage_c_joint,18,2,64,3,4,256,0.009279657601153672,8,3.078411006489373,0.2,0.0,0.22390683169156544,4.783131863414915,0.0014687513346602348,4096,0.9279700170146586,0.46358740677101606,0.6754176610978521,0.04964330955397026,0.04792808
stage_c_joint,19,1,48,3,8,128,0.029700141432442026,8,2.5855274266251036,0.2,0.0,0.1310129061346723,4.392381984921516,0.0022049136739665147,2048,0.9247899163842427,0.46908813524973086,0.6760143198090692,0.04982998866591106,0.043365657
stage_c_joint,20,2,48,4,8,256,0.05393705214111701,8,2.900409825491599,0.2,0.0,0.18547259297427482,3.4835459091301635,0.0018879029419914925,4096,0.9258101096954594,0.46847042979038267,0.6867541766109785,0.049836655777051805,0.04744647
stage_c_joint,21,1,48,3,8,256,0.02060861517078846,8,3.013457070707852,0.2,0.0,0.15692982713246012,4.533661859653536,0.0016062369407690339,2048,0.9256310742911897,0.4823352225854758,0.6945107398568019,0.049916661110740716,0.038428962
stage_c_joint,22,2,48,3,8,256,0.014087816985750868,8,3.2246631890374267,0.2,0.0,0.17824015647166286,4.657389385573815,0.0015560001450067118,2048,0.9314158533401034,0.4884414718137927,0.6873508353221957,0.04940329355290353,0.035210647
stage_c_joint,23,4,48,3,8,256,0.02848962220474569,8,3.0299786555873522,0.2,0.0,0.1627435429207489,4.375858163749291,0.001349005710315737,2048,0.9359848989932662,0.49831662947628463,0.7076372315035799,0.04984332288819254,0.03731717
stage_c_joint,24,2,48,3,8,256,0.0016676224408751841,8,2.974796962429937,0.2,0.0,0.20001938737711775,4.08774914040527,0.0015773555223442342,2048,0.9282476667895599,0.4793723831060901,0.6873508353221957,0.04994999666644443,0.039555017
stage_c_joint,25,3,48,2,8,256,0.02467998992438781,6,3.1403021055975238,0.2,0.0,0.147916621812874,4.358037126481881,0.0014130815992365916,2048,0.936057795658931,0.49385800377812666,0.7022673031026253,0.049956663777585175,0.01634005
stage_c_joint,26,1,48,4,8,256,0.03743492466111531,8,2.735421949705729,0.2,0.0,0.18076885136057297,4.737503090117142,0.0016573226129256305,4096,0.9247615214920454,0.4634672854882277,0.681980906921241,0.049916661110740716,0.04082257
stage_c_joint,27,2,64,3,4,256,0.009487557592372107,8,2.9124154903020267,0.2,0.0,0.16913147327251912,4.503380900822688,0.0019877643563114,2048,0.9306758696403149,0.47935605231896294,0.6891408114558473,0.04981665444362957,0.03637738
stage_c_joint,28,2,48,3,8,192,0.07382346409736788,8,2.8625900524445465,0.2,0.0,0.150830212875481,3.864970280592925,0.0018281588961481933,2048,0.9317065389880408,0.4799410160950586,0.6957040572792362,0.04994999666644443,0.029266272
stage_c_joint,29,2,48,4,4,128,0.04786499525088182,6,2.771199930612979,0.2,0.0,0.13830220657212913,3.731228178727158,0.0027672123347376397,4096,0.9272525606719048,0.472657434027706,0.6807875894988067,0.0499766651110074,0.03575629
stage_c_joint,30,4,48,4,8,128,0.012900952656535809,8,3.1454188306763387,0.2,0.0,0.16355629522396528,4.297453401371781,0.0015166805972926976,1024,0.9372292301587012,0.4962349893645373,0.7100238663484487,0.04954996999799987,0.022543194
stage_c_joint,31,2,48,3,8,192,0.11712958591381217,4,2.8219501936781017,0.2,0.0,0.24873943677418187,4.146711171606271,0.0016861912605383447,4096,0.9277382712546788,0.4808587384764228,0.6873508353221957,0.049929995333022205,0.053238202
stage_c_joint,32,2,48,3,8,192,0.09258415705437661,4,2.6970412986776355,0.2,0.0,0.24365038218826596,4.169854000395623,0.0017697704849813194,4096,0.9310743647826324,0.4757097837804583,0.6915274463007159,0.04984998999933329,0.028704373
stage_c_joint,33,2,48,3,8,192,0.10905653307535874,4,2.780159019021706,0.2,0.0,0.19647076644182057,4.058128277692849,0.002731616363234731,4096,0.9356731658005522,0.4923768631466814,0.698090692124105,0.04964330955397026,0.045849178
stage_c_joint,34,2,48,2,8,192,0.07346197766042503,4,2.833157640367536,0.2,0.0,0.23034899354098487,3.845100260208212,0.0016422006571594429,4096,0.9274176392984671,0.4825810098856087,0.6784009546539379,0.04972998199879992,0.022361523
stage_c_joint,35,2,64,3,8,192,0.019569082931956274,6,2.53453213732387,0.2,0.0,0.1820923609968969,4.440314343611321,0.001283023434860485,1024,0.9333755504145782,0.496618744914602,0.6992840095465394,0.0497899859990666,0.021650145
stage_c_joint,36,2,48,2,8,192,0.08367183547045014,4,2.9629693725249564,0.2,0.0,0.1545046930275566,4.265715443667133,0.0013916156847015397,4096,0.9289741372575195,0.47781099207090905,0.6933174224343676,0.04993666244416294,0.04030167
stage_c_joint,37,2,48,3,8,256,0.11983828739773712,4,2.8824464543365775,0.2,0.0,0.21545089508476317,4.582591841302672,0.00149674248186958,1024,0.9334747157368168,0.48660046328815865,0.698090692124105,0.04980332022134809,0.020982046
stage_c_joint,38,2,64,4,4,192,0.00895000336853299,4,2.5581260274646667,0.2,0.0,0.1434373003655554,3.597532827178621,0.0022240136431821577,4096,0.9275867237608999,0.4796840553856394,0.6843675417661098,0.049929995333022205,0.033158697
stage_c_joint,39,4,48,2,8,128,0.0594540809436261,8,2.731648002585802,0.2,0.0,0.1909875480812124,4.199957526165778,0.0017029559724518484,2048,0.9370165926734018,0.4934790240048043,0.7028639618138425,0.04984332288819254,0.035967477
